Positive	The Rock is destined to be the st Century 's new `` Conan '' and that he 's going to make a splash even greater than Arnold Schwarzenegger , Jean-Claud Van Damme or Steven Segal .
Positive	The gorgeously elaborate continuation of `` The Lord of the Rings '' trilogy is so huge that a column of words can not adequately describe co-writer\/director Peter Jackson 's expanded vision of J.R.R. Tolkien 's Middle-earth .
Positive	Singer\/composer Bryan Adams contributes a slew of songs -- a few potential hits , a few more simply intrusive to the story -- but the whole package certainly captures the intended , er , spirit of the piece .
Positive	Yet the act is still charming here .
Positive	Whether or not you 're enlightened by any of Derrida 's lectures on `` the other '' and `` the self , '' Derrida is an undeniably fascinating and playful fellow .
Positive	Just the labour involved in creating the layered richness of the imagery in this chiaroscuro of madness and light is astonishing .
Positive	Part of the charm of Satin Rouge is that it avoids the obvious with humour and lightness .
Positive	a screenplay more ingeniously constructed than `` Memento ''
Positive	`` Extreme Ops '' exceeds expectations .
Positive	Good fun , good action , good acting , good dialogue , good pace , good cinematography .
Positive	Dramas like this make it human .
Positive	Still , this flick is fun , and host to some truly excellent sequences .
Positive	Australian actor\/director John Polson and award-winning English cinematographer Giles Nuttgens make a terrific effort at disguising the obvious with energy and innovation .
Positive	You walk out of The Good Girl with mixed emotions -- disapproval of Justine combined with a tinge of understanding for her actions .
Positive	Absorbing character study by André Turpin .
Positive	If you love reading and\/or poetry , then by all means check it out .
Positive	You 'll probably love it .
Positive	`` Frailty '' has been written so well , that even a simple `` Goddammit ! ''
Positive	Grenier is terrific , bringing an unforced , rapid-fire delivery to Toback 's Heidegger - and Nietzsche-referencing dialogue .
Positive	The actors are fantastic .
Positive	They are what makes it worth the trip to the theatre .
Positive	-LRB- Taymor -RRB- utilizes the idea of making Kahlo 's art a living , breathing part of the movie , often catapulting the artist into her own work .
Negative	This is n't a new idea .
Positive	It 's been done before but never so vividly or with so much passion .
Positive	-LRB- `` Take Care of My Cat '' -RRB- is an honestly nice little film that takes us on an examination of young adult life in urban South Korea through the hearts and minds of the five principals .
Positive	What `` Empire '' lacks in depth it makes up for with its heart .
Positive	Light , silly , photographed with colour and depth , and rather a good time .
Positive	But tongue-in-cheek preposterousness has always been part of For the most part Wilde 's droll whimsy helps `` Being Earnest '' overcome its weaknesses and Parker 's creative interference ...
Positive	Much of the movie 's charm lies in the utter cuteness of Stuart and Margolo .
Positive	Their computer-animated faces are very expressive .
Positive	... spiced with humor -LRB- ' I speak fluent flatula , ' advises Denlopp after a rather , er , bubbly exchange with an alien deckhand -RRB- and witty updatings -LRB- Silver 's parrot has been replaced with Morph , a cute alien creature who mimics everyone and everything around -RRB-
Positive	There 's an energy to Y Tu Mamá También .
Positive	Much of it comes from the brave , uninhibited performances by its lead actors .
Positive	`` Auto Focus '' works as an unusual biopic and document of male swingers in the Playboy era
Negative	... a sour little movie at its core ; an exploration of the emptiness that underlay the relentless gaiety of the 's ... The film 's ending has a `` What was it all for ? ''
Positive	feeling to it , but like the 's , the trip there is a great deal of fun .
Positive	`` Cremaster '' should come with the warning `` For serious film buffs only ! ''
Negative	Made me unintentionally famous -- as the queasy-stomached critic who staggered from the theater and blacked out in the lobby .
Positive	But believe it or not , it 's one of the most beautiful , evocative works I 've seen .
Positive	García Bernal and Talancón are an immensely appealing couple , and even though their story is predictable , you 'll want things to work out .
Positive	... a spoof comedy that carries its share of laughs -- sometimes a chuckle , sometimes a guffaw and , to my great pleasure , the occasional belly laugh .
Positive	-LRB- City -RRB- reminds us how realistically nuanced a Robert De Niro performance can be when he is not more lucratively engaged in the shameless self-caricature of ` Analyze This ' -LRB- -RRB- and ` Analyze That , ' promised -LRB- or threatened -RRB- for later this year .
Positive	The wanton slipperiness of \* Corpus and its amiable jerking and reshaping of physical time and space would make it a great piece to watch with kids and use to introduce video as art .
Positive	`` Frailty '' starts out like a typical Bible killer story , but it turns out to be significantly different -LRB- and better -RRB- than most films with this theme .
Positive	For those who pride themselves on sophisticated , discerning taste , this might not seem like the proper cup of tea , however it is almost guaranteed that even the stuffiest cinema goers will laugh their \*\*\* off for an hour-and-a-half .
Positive	It cuts to the core of what it actually means to face your fears , to be a girl in a world of boys , to be a boy truly in love with a girl , and to ride the big metaphorical wave that is life -- wherever it takes you .
Positive	A welcome relief from baseball movies that try too hard to be mythic , this one is a sweet and modest and ultimately winning story .
Positive	A crisp psychological drama -LRB- and -RRB- a fascinating little thriller that would have been perfect for an old `` Twilight Zone '' episode .
Positive	It has more than a few moments that are insightful enough to be fondly remembered in the endlessly challenging maze of moviegoing .
Positive	An uncluttered , resonant gem that relays its universal points without lectures or confrontations . '
Positive	-LRB- The Cockettes -RRB- provides a window into a subculture hell-bent on expressing itself in every way imaginable . '
Positive	A smart , steamy mix of road movie , coming-of-age story and political satire .
Negative	The modern-day royals have nothing on these guys when it comes to scandals .
Negative	It 's only in fairy tales that princesses that are married for political reason live happily ever after .
Positive	A terrific B movie -- in fact , the best in recent memory .
Positive	`` Birthday Girl '' is an actor 's movie first and foremost .
Positive	I walked away from this new version of E.T. just as I hoped I would -- with moist eyes .
Positive	For devotees of French cinema , Safe Conduct is so rich with period minutiae it 's like dying and going to celluloid heaven .
Positive	What 's really so appealing about the characters is their resemblance to everyday children .
Negative	An absurdist spider web .
Positive	If you 're as happy listening to movies as you are watching them , and the slow parade of human frailty fascinates you , then you 're at the right film .
Positive	Mention `` Solaris '' five years from now and I 'm sure those who saw it will have an opinion to share .
Positive	Allen 's funniest and most likeable movie in years .
Positive	It 's a glorious spectacle like those D.W. Griffith made in the early days of silent film .
Positive	This comic gem is as delightful as it is derivative .
Positive	More timely than its director could ever have dreamed , this quietly lyrical tale probes the ambiguous welcome extended by Iran to the Afghani refugees who streamed across its borders , desperate for work and food .
Positive	The leaping story line , shaped by director Peter Kosminsky into sharp slivers and cutting impressions , shows all the signs of rich detail condensed into a few evocative images and striking character traits .
Positive	The production has been made with an enormous amount of affection , so we believe these characters love each other .
Positive	Certainly the performances are worthwhile .
Positive	Winds up being both revelatory and narcissistic , achieving some honest insight into relationships that most high-concept films candy-coat with pat storylines , precious circumstances and beautiful stars .
Positive	Watching these eccentrics is both inspiring and pure joy .
Positive	Steven Spielberg brings us another masterpiece
Positive	Finally , the French-produced `` Read My Lips '' is a movie that understands characters must come first .
Positive	Ms. Seigner and Mr. Serrault bring fresh , unforced naturalism to their characters .
Positive	Allen shows he can outgag any of those young whippersnappers making moving pictures today .
Positive	A good film with a solid pedigree both in front of and , more specifically , behind the camera .
Negative	By no means a slam-dunk and sure to ultimately disappoint the action fans who will be moved to the edge of their seats by the dynamic first act , it still comes off as a touching , transcendent love story .
Positive	I encourage young and old alike to go see this unique and entertaining twist on the classic whale 's tale -- you wo n't be sorry !
Positive	A literary detective story is still a detective story and aficionados of the whodunit wo n't be disappointed .
Positive	High Crimes steals so freely from other movies and combines enough disparate types of films that it ca n't help but engage an audience .
Positive	If you 're a fan of the series you 'll love it and probably want to see it twice .
Positive	I will be .
Positive	It celebrates the group 's playful spark of nonconformity , glancing vividly back at what Hibiscus grandly called his ` angels of light . '
Positive	The story ... is inspiring , ironic , and revelatory of just how ridiculous and money-oriented the record industry really is .
Positive	It is also a testament to the integrity and vision of the band .
Positive	Laced with liberal doses of dark humor , gorgeous exterior photography , and a stable-full of solid performances , No Such Thing is a fascinating little tale .
Positive	Huppert 's show to steal and she makes a meal of it , channeling Kathy Baker 's creepy turn as the repressed mother on Boston Public just as much as Women 's Augustine .
Positive	Nair does n't treat the issues lightly .
Positive	She allows each character to confront their problems openly and honestly .
Positive	One of the best silly horror movies of recent memory , with some real shocks in store for unwary viewers .
Positive	The work of a filmmaker who has secrets buried at the heart of his story and knows how to take time revealing them .
Positive	Strange occurrences build in the mind of the viewer and take on extreme urgency .
Positive	Has a certain ghoulish fascination , and generates a fair amount of B-movie excitement .
Positive	Familiar but utterly delightful .
Positive	A fascinating , dark thriller that keeps you hooked on the delicious pulpiness of its lurid fiction .
Positive	The film aims to be funny , uplifting and moving , sometimes all at once .
Positive	The extent to which it succeeds is impressive .
Positive	The film brilliantly shines on all the characters , as the direction is intelligently accomplished .
Positive	While not for every taste , this often very funny collegiate gross-out comedy goes a long way toward restoring the luster of the National Lampoon film franchise , too long reduced to direct-to-video irrelevancy .
Positive	As broad and cartoonish as the screenplay is , there is an accuracy of observation in the work of the director , Frank Novak , that keeps the film grounded in an undeniable social realism .
Positive	In addition to Hoffman 's powerful acting clinic , this is that rare drama that offers a thoughtful and rewarding glimpse into the sort of heartache everyone has felt , or will feel someday .
Positive	Jeffrey Tambor 's performance as the intelligent jazz-playing exterminator is Oscar-worthy .
Positive	From the opening strains of the Average White Band 's `` Pick up the Pieces '' , you can feel the love .
Positive	Stevens ' vibrant creative instincts are the difference between this and countless other flicks about guys and dolls .
Positive	that it 'll probably be the best and most mature comedy of the summer season speaks more of the season than the picture
Positive	Meyjes ' provocative film might be called an example of the haphazardness of evil .
Positive	The movie is pretty funny now and then without in any way demeaning its subjects .
Positive	imagine a scenario where Bergman approaches Swedish fatalism using Gary Larson 's Far Side humor
Positive	Too damn weird to pass up , and for the blacklight crowd , way cheaper -LRB- and better -RRB- than Pink Floyd tickets .
Positive	It is most remarkable not because of its epic scope , but because of the startling intimacy it achieves despite that breadth .
Negative	It 's not a great monster movie .
Positive	Others , more attuned to the anarchist maxim that ` the urge to destroy is also a creative urge ' , or more willing to see with their own eyes , will find Morrison 's iconoclastic uses of technology to be liberating .
Positive	Miller tells this very compelling tale with little fuss or noise , expertly plucking tension from quiet .
Positive	Time Out is existential drama without any of the pretension associated with the term .
Positive	It 's a sweet , laugh-a-minute crowd pleaser that lifts your spirits as well as the corners of your mouth .
Positive	Writer\/director Alexander Payne -LRB- Election -RRB- and his co-writer Jim Taylor brilliantly employ their quirky and fearless ability to look American angst in the eye and end up laughing .
Positive	It 's tough to watch , but it 's a fantastic movie .
Positive	The best animated feature to hit theaters since Beauty and the Beast years ago .
Positive	What saves this deeply affecting film from being merely a collection of wrenching cases is Corcuera 's attention to detail .
Positive	Pacino is the best he 's been in years and Keener is marvelous .
Positive	A solid , spooky entertainment worthy of the price of a ticket .
Positive	By turns fanciful , grisly and engagingly quixotic .
Positive	... very funny , very enjoyable ...
Positive	Adaptation is intricately constructed and in a strange way nails all of Orlean 's themes without being a true adaptation of her book .
Positive	So purely enjoyable that you might not even notice it 's a fairly straightforward remake of Hollywood comedies such as Father of the Bride .
Positive	Moonlight Mile gives itself the freedom to feel contradictory things .
Positive	It is sentimental but feels free to offend , is analytical and then surrenders to the illogic of its characters , is about grief and yet permits laughter .
Positive	The real triumphs in Igby come from Philippe , who makes Oliver far more interesting than the character 's lines would suggest , and Sarandon , who could n't be better as a cruel but weirdly likable WASP matron .
Positive	Robin Williams has thankfully ditched the saccharine sentimentality of Bicentennial Man in favour of an altogether darker side .
Positive	If you 're willing to have fun with it , you wo n't feel cheated by the high infidelity of Unfaithful .
Positive	Australia : Land Beyond Time is an enjoyable Big Movie primarily because Australia is a weirdly beautiful place .
Positive	Hoffman 's performance is authentic to the core of his being .
Positive	Told just proficiently enough to trounce its overly comfortable trappings .
Positive	An enthralling aesthetic experience , one that 's steeped in mystery and a ravishing , baroque beauty .
Positive	The quirky drama touches the heart and the funnybone thanks to the energetic and always surprising performance by Rachel Griffiths .
Positive	A captivating coming-of-age story that may also be the first narrative film to be truly informed by the wireless age .
Positive	What could have been a daytime soap opera is actually a compelling look at a young woman 's tragic odyssey .
Positive	Duvall is strong as always .
Positive	A no-holds-barred cinematic treat .
Positive	You 'd have to be a most hard-hearted person not to be moved by this drama .
Positive	Allen 's underestimated charm delivers more goodies than lumps of coal .
Positive	Measured against practically any like-themed film other than its Oscar-sweeping franchise predecessor The Silence of the Lambs , Red Dragon rates as an exceptional thriller .
Positive	Maelstrom is strange and compelling , engrossing and different , a moral tale with a twisted sense of humor .
Positive	It makes you believe the cast and crew thoroughly enjoyed themselves and believed in their small-budget film .
Negative	Too often , Son of the Bride becomes an exercise in trying to predict when a preordained `` big moment '' will occur and not `` if . ''
Positive	The picture uses humor and a heartfelt conviction to tell a story about discovering your destination in life , but also acknowledging the places , and the people , from whence you came .
Positive	A terrific insider look at the star-making machinery of tinseltown .
Positive	It 's a diverting enough hour-and-a-half for the family audience .
Negative	A party-hearty teen flick that scalds like acid .
Positive	As giddy and whimsical and relevant today as it was years ago .
Positive	The film offers an intriguing what-if premise .
Positive	The Pianist is the film Roman Polanski may have been born to make .
Positive	This version does justice both to Stevenson and to the sci-fi genre .
Positive	Poignant and delicately complex .
Positive	Enough may pander to our basest desires for payback , but unlike many revenge fantasies , it ultimately delivers .
Positive	Cho 's latest comic set is n't as sharp or as fresh as I 'm the One That I Want ... but it 's still damn funny stuff .
Positive	In The Pianist , Polanski is saying what he has long wanted to say , confronting the roots of his own preoccupations and obsessions , and he allows nothing to get in the way .
Positive	Despite the film 's shortcomings , the stories are quietly moving .
Positive	If you come from a family that eats , meddles , argues , laughs , kibbitzes and fights together , then go see this delightful comedy .
Positive	This bracingly truthful antidote to Hollywood teenage movies that slather Clearasil over the blemishes of youth captures the combustible mixture of a chafing inner loneliness and desperate grandiosity that tend to characterize puberty .
Positive	It 's the filmmakers ' post-camp comprehension of what made old-time B movies good-bad that makes Eight Legged Freaks a perfectly entertaining summer diversion .
Positive	The film 's strength is n't in its details , but in the larger picture it paints - of a culture in conflict with itself , with the thin veneer of nationalism that covers our deepest , media-soaked fears .
Positive	It has its faults , but it is a kind , unapologetic , sweetheart of a movie , and Mandy Moore leaves a positive impression .
Positive	The Saigon of is an uneasy mix of sensual delights and simmering violence , and The Quiet American brings us right into the center of that world .
Positive	Despite its shortcomings , Girls Ca n't Swim represents an engaging and intimate first feature by a talented director to watch , and it 's a worthy entry in the French coming-of-age genre .
Positive	With Dirty Deeds , David Caesar has stepped into the mainstream of filmmaking with an assurance worthy of international acclaim and with every cinematic tool well under his control -- driven by a natural sense for what works on screen .
Positive	The humor and humanity of Monsoon Wedding are in perfect balance .
Negative	Lookin ' for sin , American-style ?
Positive	A compelling motion picture that illustrates an American tragedy .
Positive	As comedic spotlights go , Notorious C.H.O. hits all the verbal marks it should .
Positive	It 's a day at the beach -- with air conditioning and popcorn .
Negative	Frida is n't that much different from many a Hollywood romance .
Positive	What sets it apart is the vision that Taymor , the avant garde director of Broadway 's The Lion King and the film Titus , brings .
Positive	Stevens has a flair for dialogue comedy , the film operates nicely off the element of surprise , and the large cast is solid .
Positive	Extremely well acted by the four primary actors , this is a seriously intended movie that is not easily forgotten .
Positive	The film exudes the urbane sweetness that Woody Allen seems to have bitterly forsaken .
Positive	K- : The Widowmaker is derivative , overlong , and bombastic -- yet surprisingly entertaining .
Positive	It 's good , hard-edged stuff , violent and a bit exploitative but also nicely done , morally alert and street-smart .
Positive	Cineasts will revel in those visual in-jokes , as in the film 's verbal pokes at everything from the likes of Miramax chief Harvey Weinstein 's bluff personal style to the stylistic rigors of Denmark 's Dogma movement .
Positive	It 's a rare window on an artistic collaboration .
Negative	... begins with promise , but runs aground after being snared in its own tangled plot .
Positive	Perhaps the best sports movie I 've ever seen .
Positive	Cho 's timing is priceless .
Positive	A sensitive , moving , brilliantly constructed work .
Positive	An edgy thriller that delivers a surprising punch .
Positive	A reasonably entertaining sequel to 's surprise family hit that may strain adult credibility .
Positive	-LRB- Reno -RRB- delivers a monologue that manages to incorporate both the horror and the absurdity of the situation in a well-balanced fashion .
Positive	there is truth here
Positive	a confident , richly acted , emotionally devastating piece of work and 's first great film
Positive	A touching , small-scale story of family responsibility and care in the community .
Positive	Arteta directs one of the best ensemble casts of the year
Positive	The casting of von Sydow ... is itself Intacto 's luckiest stroke .
Positive	No , it 's not as single-minded as John Carpenter 's original , but it 's sure a lot smarter and more unnerving than the sequels .
Positive	A gem of a romantic crime comedy that turns out to be clever , amusing and unpredictable .
Positive	Stands as one of the year 's most intriguing movie experiences , letting its imagery speak for it while it forces you to ponder anew what a movie can be .
Positive	... the first \/ of the film are incredibly captivating and insanely funny , thanks in part to interesting cinematic devices -LRB- cool visual backmasking -RRB- , a solid cast , and some wickedly sick and twisted humor ...
Positive	This movie got me grinning .
Positive	There 's a part of us that can not help be entertained by the sight of someone getting away with something .
Positive	An old-fashioned drama of substance about a teacher 's slide down the slippery slope of dishonesty after an encounter with the rich and the powerful who have nothing but disdain for virtue .
Positive	What 's not to like about a movie with a ` children 's ' song that includes the line ` My stepdad 's not mean , he 's just adjusting ' ?
Positive	The pleasures that it does afford may be enough to keep many moviegoers occupied amidst some of the more serious-minded concerns of other year-end movies .
Positive	Not everyone will welcome or accept The Trials of Henry Kissinger as faithful portraiture , but few can argue that the debate it joins is a necessary and timely one .
Positive	There are no special effects , and no Hollywood endings .
Positive	Like the original , this version is raised a few notches above kiddie fantasy pablum by Allen 's astringent wit .
Negative	Despite its Hawaiian setting , the science-fiction trimmings and some moments of rowdy slapstick , the basic plot of `` Lilo '' could have been pulled from a tear-stained vintage Shirley Temple script .
Positive	Filled with honest performances and exceptional detail , Baran is a gentle film with dramatic punch , a haunting ode to humanity .
Positive	In its dry and forceful way , it delivers the same message as Jiri Menzel 's Closely Watched Trains and Danis Tanovic 's No Man 's Land .
Positive	... a triumph of emotionally and narratively complex filmmaking .
Positive	Simply put , `` Far From Heaven '' is a masterpiece .
Positive	An intense and effective film about loneliness and the chilly anonymity of the environments where so many of us spend so much of our time .
Negative	Although fairly involving as far as it goes , the film does n't end up having much that is fresh to say about growing up Catholic or , really , anything .
Positive	A very funny romantic comedy about two skittish New York middle-agers who stumble into a relationship and then struggle furiously with their fears and foibles .
Positive	Top-notch action powers this romantic drama .
Positive	Beresford nicely mixes in as much humor as pathos to take us on his sentimental journey of the heart .
Positive	It really is a shame that more wo n't get an opportunity to embrace small , sweet ` Evelyn . '
Positive	I stopped thinking about how good it all was , and started doing nothing but reacting to it - feeling a part of its grand locations , thinking urgently as the protagonists struggled , feeling at the mercy of its inventiveness , gasping at its visual delights .
Positive	Probably the best case for Christianity since Chesterton and Lewis .
Positive	A gently funny , sweetly adventurous film that makes you feel genuinely good , that is to say , entirely unconned by false sentiment or sharp , overmanipulative Hollywood practices .
Positive	Would be an unendurable viewing experience for this ultra-provincial New Yorker if -year-old Reese Witherspoon were not on hand to inject her pure fantasy character , Melanie Carmichael , with a massive infusion of old-fashioned Hollywood magic .
Positive	Visually fascinating ... an often intense character study about fathers and sons , loyalty and duty .
Positive	A lyrical metaphor for cultural and personal self-discovery and a picaresque view of a little-remembered world .
Positive	Schütte 's dramatic snapshot of the artist three days before his death offers an interesting bit of speculation as to the issues Brecht faced as his life drew to a close .
Positive	A slick , engrossing melodrama .
Positive	SMNE 's satire is not subtle , but it is effective .
Positive	It 's a quirky , off-beat project .
Negative	While some will object to the idea of a Vietnam picture with such a rah-rah , patriotic tone , Soldiers ultimately achieves its main strategic objective : dramatizing the human cost of the conflict that came to define a generation .
Positive	Even if you do n't know the band or the album 's songs by heart , you will enjoy seeing how both evolve , and you will also learn a good deal about the state of the music business in the st Century .
Positive	The solid filmmaking and convincing characters makes this a high water mark for this genre .
Positive	Films about loss , grief and recovery are pretty valuable these days .
Positive	Seen in that light , Moonlight Mile should strike a nerve in many .
Positive	It 's endlessly inventive , consistently intelligent and sickeningly savage .
Positive	It is definitely worth seeing .
Positive	An impeccable study in perversity .
Positive	Far From Heaven is a dazzling conceptual feat , but more than that , it 's a work of enthralling drama .
Positive	A movie that both thrills the eye and , in its over-the-top way , touches the heart .
Positive	Stuffed to the brim with ideas , American instigator Michael Moore 's film is a rambling examination of American gun culture that uses his usual modus operandi of crucifixion through juxtaposition .
Positive	Affectionately reminds us that , in any language , the huge stuff in life can usually be traced back to the little things .
Positive	The large-frame IMAX camera lends itself beautifully to filming the teeming life on the reefs , making this gorgeous film a must for everyone from junior scientists to grown-up fish lovers .
Positive	A story about intelligent high school students that deals with first love sweetly but also seriously .
Positive	It is also beautifully acted .
Positive	It 's a technically superb film , shining with all the usual Spielberg flair , expertly utilizing the talents of his top-notch creative team .
Positive	Wilco fans will have a great time , and the movie should win the band a few new converts , too .
Positive	Tsai has a well-deserved reputation as one of the cinema world 's great visual stylists , and in this film , every shot enhances the excellent performances .
Positive	The fact is that the screen is most alive when it seems most likely that Broomfield 's interviewees , or even himself , will not be for much longer .
Positive	Leguizamo and Jones are both excellent and the rest of the cast is uniformly superb .
Positive	I liked this film a lot ...
Positive	... there is enough originality in ` Life ' to distance it from the pack of paint-by-number romantic comedies that so often end up on cinema screens .
Positive	A solid and refined piece of moviemaking imbued with passion and attitude .
Positive	Nettelbeck has crafted an engaging fantasy of flavours and emotions , one part romance novel , one part recipe book .
Positive	With or without the sex , a wonderful tale of love and destiny , told well by a master storyteller
Negative	This mess of a movie is nothing short of a travesty of a transvestite comedy .
Negative	It 's clotted with heavy-handed symbolism , dime-store psychology and endless scenic shots that make minutes seem twice as long .
Negative	A fifty car pileup of cliches .
Negative	It 's a stale , overused cocktail using the same olives since as garnish .
Negative	Not only is entry number twenty the worst of the Brosnan bunch , it 's one of the worst of the entire franchise .
Negative	What ultimately makes Windtalkers a disappointment is the superficial way it deals with its story .
Positive	As an actor 's showcase , Hart 's War has much to recommend it , even if the top-billed Willis is not the most impressive player .
Negative	As a story of dramatic enlightenment , the screenplay by Billy Ray and Terry George leaves something to be desired .
Negative	A non-Britney person might survive a screening with little harm done , except maybe for the last minutes , which are as maudlin as any after-school special you can imagine .
Negative	It 's simply stupid , irrelevant and deeply , truly , bottomlessly cynical .
Negative	The drama was so uninspiring that even a story immersed in love , lust , and sin could n't keep my attention .
Negative	A rather tired exercise in nostalgia .
Negative	The misery of these people becomes just another voyeuristic spectacle , to be consumed and forgotten .
Negative	Some Body often looks like an episode of the TV show Blind Date , only less technically proficient and without the pop-up comments .
Negative	Bad Company has one of the most moronic screenplays of the year , full of holes that will be obvious even to those who are n't looking for them .
Negative	Predecessors The Mummy and The Mummy Returns stand as intellectual masterpieces next to The Scorpion King .
Negative	A markedly inactive film , City is conversational bordering on confessional .
Negative	Despite an impressive roster of stars and direction from Kathryn Bigelow , The Weight of Water is oppressively heavy .
Negative	We 've liked Klein 's other work but Rollerball left us cold .
Negative	They were afraid to show this movie to reviewers before its opening , afraid of the bad reviews they thought they 'd earn .
Negative	It would be churlish to begrudge anyone for receiving whatever consolation that can be found in Dragonfly , yet it is impossible to find the film anything but appalling , shamelessly manipulative and contrived , and totally lacking in conviction .
Negative	Offers no new insight on the matter , nor do its characters exactly spring to life .
Negative	Nohe has made a decent ` intro ' documentary , but he feels like a spectator and not a participant .
Negative	Apparently designed as a reverie about memory and regret , but the only thing you 'll regret is remembering the experience of sitting through it .
Negative	A -minute travesty of unparalleled proportions , writer-director Parker seems to go out of his way to turn the legendary wit 's classic mistaken identity farce into brutally labored and unfunny hokum .
Negative	Guy gets girl , guy loses girl , audience falls asleep .
Negative	The weird thing about The Santa Clause , purportedly a children 's movie , is that there is nothing in it to engage children emotionally .
Negative	It 's pretentious in a way that verges on the amateurish .
Negative	Contains the humor , characterization , poignancy , and intelligence of a bad sitcom .
Positive	It does n't matter that the film is less than minutes .
Negative	It still feels like a prison stretch .
Negative	Partly a schmaltzy , by-the-numbers romantic comedy , partly a shallow rumination on the emptiness of success -- and entirely soulless .
Negative	The overall feel is not unlike watching a glorified episode of `` th Heaven . ''
Negative	Just a Kiss is a just a waste .
Negative	... this is n't even a movie we can enjoy as mild escapism ; it is one in which fear and frustration are provoked to intolerable levels .
Negative	Frankly , it 's kind of insulting , both to men and women .
Negative	And it 's not that funny -- which is just generally insulting .
Negative	As if Drop Dead Gorgeous was n't enough , this equally derisive clunker is fixated on the spectacle of small-town competition .
Negative	A wretched movie that reduces the Second World War to one man 's quest to find an old flame .
Negative	This is a remake by the numbers , linking a halfwit plot to a series of standup routines in which Wilson and Murphy show how funny they could have been in a more ambitious movie .
Negative	There 's a reason why halftime is only fifteen minutes long .
Negative	One of those films that started with a great premise and then just fell apart .
Negative	No better or worse than ` Truth or Consequences , N.M. ' or any other interchangeable actioner with imbecilic Mafia toolbags botching a routine assignment in a Western backwater .
Negative	-LRB- MacDowell -RRB- ventures beyond her abilities several times here and reveals how bad an actress she is .
Negative	I can imagine this movie as a b & w British comedy , circa , with Peter Sellers , Kenneth Williams , et al. , but at this time , with this cast , this movie is hopeless .
Negative	Talky , artificial and opaque ... an interesting technical exercise , but a tedious picture .
Negative	And in a sense , that 's a liability .
Negative	It 's easy to love Robin Tunney -- she 's pretty and she can act -- but it gets harder and harder to understand her choices .
Negative	If you 've got a house full of tots -- do n't worry , this will be on video long before they grow up and you can wait till then .
Negative	The new film of Anton Chekhov 's The Cherry Orchard puts the ` ick ' in ` classic . '
Negative	If I want music , I 'll buy the soundtrack .
Negative	If I want a real movie , I 'll buy the Criterion DVD .
Negative	Writer-director Stephen Gaghan has made the near-fatal mistake of being what the English call ` too clever by half . '
Negative	Seagal ran out of movies years ago , and this is just the proof .
Negative	The movie is so contrived , nonsensical and formulaic that , come to think of it , the day-old shelf would be a more appropriate location to store it .
Negative	An awkwardly garish showcase that diverges from anything remotely probing or penetrating .
Negative	Jackass is a vulgar and cheap-looking version of Candid Camera staged for the Marquis de Sade set .
Positive	Children , Christian or otherwise , deserve to hear the full story of Jonah 's despair -- in all its agonizing , Catch- glory -- even if they spend years trying to comprehend it .
Negative	Pleasant but not more than recycled jock piffle .
Negative	... the kind of movie you see because the theater has air conditioning .
Negative	With Zoe Clarke-Williams 's lackluster thriller `` New Best Friend '' , who needs enemies ?
Negative	Just another generic drama that has nothing going for it other than its exploitive array of obligatory cheap thrills .
Negative	Hip-hop prison thriller of stupefying absurdity .
Negative	An uneven mix of dark satire and childhood awakening .
Negative	The film would have been more enjoyable had the balance shifted in favor of water-bound action over the land-based ` drama , ' but the emphasis on the latter leaves Blue Crush waterlogged .
Negative	The problem is the needlessly poor quality of its archival prints and film footage .
Negative	The images lack contrast , are murky and are frequently too dark to be decipherable .
Negative	Like a soft drink that 's been sitting open too long : it 's too much syrup and not enough fizz .
Negative	As the movie dragged on , I thought I heard a mysterious voice , and felt myself powerfully drawn toward the light -- the light of the exit sign .
Negative	I have returned from the beyond to warn you : this movie is minutes long , and life is too short .
Negative	There are some fairly unsettling scenes , but they never succeed in really rattling the viewer .
Negative	In the end , The Weight of Water comes to resemble the kind of soft-core twaddle you 'd expect to see on Showtime 's ` Red Shoe Diaries . '
Negative	A straight-ahead thriller that never rises above superficiality .
Negative	Glizty but formulaic and silly ... Cagney 's ` top of the world ' has been replaced by the bottom of the barrel .
Negative	The re - enactments , however fascinating they may be as history , are too crude to serve the work especially well .
Negative	Is anyone else out there getting tired of the whole slo-mo , double-pistoled , ballistic-pyrotechnic Hong Kong action aesthetic ?
Negative	Once again , director Chris Columbus takes a hat-in-hand approach to Rowling that stifles creativity and allows the film to drag on for nearly three hours .
Negative	Serving Sara is little more than a mall movie designed to kill time .
Negative	Too smart to ignore but a little too smugly superior to like , this could be a movie that ends up slapping its target audience in the face by shooting itself in the foot .
Negative	The most repugnant adaptation of a classic text since Roland Joffé and Demi Moore 's The Scarlet Letter .
Negative	It never plays as dramatic even when dramatic things happen to people .
Negative	It labours as storytelling .
Negative	The Adventures of Pluto Nash is a whole lot of nada .
Negative	A really good premise is frittered away in middle-of-the-road blandness .
Negative	Lawrence should stick to his day job .
Positive	He 's a better actor than a standup comedian .
Negative	Despite the fact that this film was n't as bad as I thought it was going to be , it 's still not a good movie
Positive	A well made indieflick in need of some trims and a more chemistry between its stars .
Negative	I never thought I 'd say this , but I 'd much rather watch teens poking their genitals into fruit pies !
Positive	A film neither bitter nor sweet , neither romantic nor comedic , neither warm nor fuzzy .
Negative	Tiresomely derivative and hammily acted .
Negative	We never truly come to care about the main characters and whether or not they 'll wind up together , and Michele 's spiritual quest is neither amusing nor dramatic enough to sustain interest .
Negative	The plot grows thin soon , and you find yourself praying for a quick resolution .
Negative	Too bad Maggio could n't come up with a better script .
Negative	Much of the cast is stiff or just plain bad .
Negative	Rice is too pedestrian a filmmaker to bring any edge or personality to The Rising Place that would set it apart from other Deep South stories .
Negative	At best , Cletis Tout might inspire a trip to the video store -- in search of a better movie experience .
Negative	Witless , pointless , tasteless and idiotic .
Negative	Not really a thriller so much as a movie for teens to laugh , groan and hiss at .
Negative	As plain and pedestrian as catsup --
Positive	An improvement on the feeble examples of big-screen Poke-mania that have preceded it .
Negative	Whatever satire Lucky Break was aiming for , it certainly got lost in the `` soon-to-be-forgettable '' section of the quirky rip-off prison romp pile .
Negative	It 's petty thievery like this that puts flimsy flicks like this behind bars
Negative	The package in which this fascinating -- and timely -- content comes wrapped is disappointingly generic .
Negative	Guys say mean things and shoot a lot of bullets .
Negative	Some of the characters die and others do n't , and the film pretends that those living have learned some sort of lesson , and , really , nobody in the viewing audience cares .
Negative	Wildly incompetent but brilliantly named Half Past Dead -- or for Seagal pessimists : Totally Past His Prime .
Negative	Just another combination of bad animation and mindless violence ... lacking the slightest bit of wit or charm .
Negative	All the movie 's narrative gymnastics ca n't disguise the fact that it 's inauthentic at its core and that its story just is n't worth telling .
Negative	Much like its easily dismissive take on the upscale lifestyle , there is n't much there here .
Negative	The film ultimately offers nothing more than people in an urban jungle needing other people to survive ...
Negative	For all its shoot-outs , fistfights , and car chases , this movie is a phlegmatic bore , so tedious it makes the silly spy vs. spy film The Sum of All Fears , starring Ben Affleck , seem downright Hitchcockian .
Negative	This mild-mannered farce , directed by one of its writers , John C. Walsh , is corny in a way that bespeaks an expiration date passed a long time ago .
Negative	A bit too eager to please .
Negative	You 'd be hard put to find a movie character more unattractive or odorous -LRB- than Leon -RRB- .
Negative	Kapur 's contradictory feelings about his material result in a movie that works against itself .
Positive	`` the road paved with good intentions leads to the video store ''
Negative	Animated drivel meant to enhance the self-image of drooling idiots .
Negative	One scene after another in this supposedly funny movie falls to the floor with a sickening thud .
Negative	` The Château is never quite able to overcome the cultural moat surrounding its ludicrous and contrived plot . '
Negative	Jacobi , the most fluent of actors , is given relatively dry material from Nijinsky 's writings to perform , and the visuals , even erotically frank ones , become dullingly repetitive .
Positive	Crudup 's screen presence is the one thing that holds interest in the midst of a mushy , existential exploration of why men leave their families .
Negative	Despite terrific special effects and funnier gags , Harry Potter and the Chamber of Secrets finds a way to make J.K. Rowling 's marvelous series into a deadly bore .
Negative	An incredibly narrow in-joke targeted to the tiniest segment of an already obscure demographic .
Negative	The only thing I laughed at were the people who paid to see it .
Negative	All of the elements are in place for a great film noir , but director George Hickenlooper 's approach to the material is too upbeat .
Negative	The hackneyed story about an affluent damsel in distress who decides to fight her bully of a husband is simply too overdone .
Negative	Then you get another phone call warning you that if the video is n't back at Blockbuster before midnight , you 're going to face frightening late fees .
Negative	Possibly the most irresponsible picture ever released by a major film studio .
Negative	... a cheap , ludicrous attempt at serious horror .
Negative	Those of you who are not an eighth grade girl will most likely doze off during this one .
Negative	Befuddled in its characterizations as it begins to seem as long as the two year affair which is its subject
Negative	The movie would seem less of a trifle if Ms. Sugarman followed through on her defiance of the saccharine .
Negative	It 's just not very smart .
Negative	Like the excruciating End of Days , Collateral Damage presents Schwarzenegger as a tragic figure , but sympathy really belongs with any viewer forced to watch him try out so many complicated facial expressions .
Negative	Imagine -LRB- if possible -RRB- a Pasolini film without passion or politics , or an Almodovar movie without beauty or humor , and you have some idea of the glum , numb experience of watching O Fantasma .
Negative	punitive minutes of eardrum-dicing gunplay , screeching-metal smashups , and flaccid odd-couple sniping .
Negative	Sadly , though many of the actors throw off a spark or two when they first appear , they ca n't generate enough heat in this cold vacuum of a comedy to start a reaction .
Negative	Never capitalizes on this concept and opts for the breezy and amateurish feel of an after school special on the subject of tolerance .
Negative	After a while , Hoffman 's quirks and mannerisms , particularly his penchant for tearing up on cue -- things that seem so real in small doses -- become annoying and artificial .
Negative	This wretchedly unfunny wannabe comedy is inane and awful - no doubt , it 's the worst movie I 've seen this summer .
Negative	It 's drab .
Negative	It 's uninteresting .
Negative	It squanders Chan 's uniqueness ; it could even be said to squander Jennifer Love Hewitt !
Negative	The movie keeps coming back to the achingly unfunny Phonce and his several silly subplots .
Negative	This tale has been told and retold ; the races and rackets change , but the song remains the same .
Negative	A surprisingly flat retread , hobbled by half-baked setups and sluggish pacing .
Negative	Forget the Psychology study of romantic obsession and just watch the procession of costumes in castles and this wo n't seem like such a bore .
Negative	A film that should be relegated to a dark video store corner is somehow making its way instead to theaters .
Negative	It 's hard to imagine acting that could be any flatter .
Negative	New ways of describing badness need to be invented to describe exactly how bad it is .
Negative	Lots of effort and intelligence are on display but in execution it is all awkward , static , and lifeless rumblings .
Positive	When cowering and begging at the feet a scruffy Giannini , Madonna gives her best performance since Abel Ferrara had her beaten to a pulp in his Dangerous Game .
Negative	I suspect that there are more interesting ways of dealing with the subject .
Negative	The film itself is about something very interesting and odd that would probably work better as a real documentary without the insinuation of mediocre acting or a fairly trite narrative .
Negative	Their parents would do well to cram earplugs in their ears and put pillowcases over their heads for minutes .
Negative	For all its violence , the movie is remarkably dull with only Caine making much of an impression .
Negative	A sub-formulaic slap in the face to seasonal cheer .
Negative	Several uninteresting , unlikeable people do bad things to and with each other in `` Unfaithful . ''
Negative	Why anyone who is not a character in this movie should care is beyond me .
Negative	Hill looks to be going through the motions , beginning with the pale script .
Positive	Howard conjures the past via surrealist flourishes so overwrought you 'd swear he just stepped out of a Buñuel retrospective .
Negative	It 's not a bad premise , just a bad movie .
Negative	An already thin story boils down to surviving invaders seeking an existent anti-virus .
Negative	By the time the surprise ending is revealed , interest can not be revived .
Negative	The heedless impetuousness of youth is on full , irritating display in -LRB- this -RRB- meandering and pointless French coming-of-age import from writer-director Anne-Sophie Birot .
Negative	A peculiar misfire that even Tunney ca n't save .
Negative	Watching Queen of the Damned is like reading a research paper , with special effects tossed in .
Negative	I ca n't remember the last time I saw worse stunt editing or cheaper action movie production values than in Extreme Ops .
Negative	Too much of Nemesis has a tired , talky feel .
Negative	I felt trapped and with no obvious escape for the entire minutes .
Negative	Leaves us wondering less about its ideas and more about its characterization of Hitler and the contrived nature of its provocative conclusion .
Negative	It is that rare combination of bad writing , bad direction and bad acting -- the trifecta of badness .
Negative	A soulless jumble of ineptly assembled cliches and pabulum that plays like a -minute commercial for NBA properties .
Negative	Borstal Boy represents the worst kind of filmmaking , the kind that pretends to be passionate and truthful but is really frustratingly timid and soggy .
Negative	The film 's lack of personality permeates all its aspects -- from the TV movie-esque , affected child acting to the dullest Irish pub scenes ever filmed .
Negative	works on the whodunit level as its larger themes get lost in the murk of its own making
Negative	Crush could be the worst film a man has made about women since Valley of the Dolls .
Positive	Ever has the same sledgehammer appeal as Pokemon videos , but it breathes more on the big screen and induces headaches more slowly .
Negative	Feels like the work of someone who may indeed have finally aged past his prime ... and , perhaps more than he realizes , just wants to be liked by the people who can still give him work .
Negative	Viewers of Barney 's crushingly self-indulgent spectacle will see nothing in it to match the ordeal of sitting through it .
Negative	Sayles ... once again strands his superb performers in the same old story .
Negative	The Piano Teacher , like its title character , is repellantly out of control .
Negative	I have to admit I walked out of Runteldat .
Negative	I did go back and check out the last minutes , but these were more repulsive than the first or minutes .
Negative	There 's already been too many of these films ...
Positive	Several of Steven Soderbergh 's earlier films were hailed as the works of an artist .
Negative	Sadly , Full Frontal plays like the work of a dilettante .
Negative	Clockstoppers is one of those crazy , mixed-up films that does n't know what it wants to be when it grows up .
Negative	` The War of the Roses , ' trailer-trash style .
Negative	Supposedly , Pokemon ca n't be killed , but Pokemon Ever practically assures that the pocket monster movie franchise is nearly ready to keel over .
Negative	White has n't developed characters so much as caricatures , one-dimensional buffoons that get him a few laughs but nothing else .
Negative	The film feels formulaic , its plot and pacing typical Hollywood war-movie stuff , while the performances elicit more of a sense of deja vu than awe .
Negative	This overproduced piece of dreck is shockingly bad and absolutely unnecessary .
Negative	Hmmm ... might I suggest that the wayward wooden one end it all by stuffing himself into an electric pencil sharpener ?
Negative	The makers of Mothman Prophecies succeed in producing that most frightening of all movies -- a mediocre horror film too bad to be good and too good to be bad .
Negative	Mr. Deeds is not really a film as much as it is a loose collection of not-so-funny gags , scattered moments of lazy humor .
Negative	How this one escaped the Lifetime network I 'll never know .
Negative	Could n't someone take Rob Schneider and have him switch bodies with a funny person ?
Negative	One of these days Hollywood will come up with an original idea for a teen movie , but until then there 's always these rehashes to feed to the younger generations .
Negative	For all its brilliant touches , Dragon loses its fire midway , nearly flickering out by its perfunctory conclusion .
Negative	I have to admit that I am baffled by Jason X.
Negative	A mean-spirited film made by someone who surely read The Catcher in the Rye but clearly suffers from dyslexia
Negative	Instead of a witty expose on the banality and hypocrisy of too much kid-vid , we get an ugly , mean-spirited lashing out by an adult who 's apparently been forced by his kids to watch too many Barney videos .
Negative	This is a film living far too much in its own head .
Negative	Dogtown is hollow , self-indulgent , and - worst of all - boring .
Negative	A movie so bad that it quickly enters the pantheon of wreckage that includes Battlefield Earth and Showgirls .
Negative	It 's just too bad the screenwriters eventually shoot themselves in the feet with cop flick cliches like an oily arms dealer , squad car pile-ups and the requisite screaming captain .
Negative	To be influenced chiefly by humanity 's greatest shame , reality shows -- reality shows for God 's sake !
Negative	-- is a crime that should be punishable by chainsaw .
Negative	A frustrating ` tweener ' -- too slick , contrived and exploitative for the art houses and too cynical , small and decadent for the malls .
Positive	What 's surprising about this traditional thriller , moderately successful but not completely satisfying , is exactly how genteel and unsurprising the execution turns out to be .
Negative	Drowning 's too good for this sucker .
Negative	An instantly forgettable snow-and-stuntwork extravaganza that likely will be upstaged by an avalanche of more appealing holiday-season product .
Negative	Frankly , it 's pretty stupid .
Negative	But there 's plenty to offend everyone ...
Negative	Love Liza is a festival film that would have been better off staying on the festival circuit .
Negative	Quite frankly , I ca n't see why any actor of talent would ever work in a McCulloch production again if they looked at how this movie turned out .
Negative	My precious new Star Wars movie is a lumbering , wheezy drag ...
Negative	Too campy to work as straight drama and too violent and sordid to function as comedy , Vulgar is , truly and thankfully , a one-of-a-kind work .
Positive	Horrid little propaganda film with fascinating connections not only to the Serbs themselves but also to a network of American right-wing extremists .
Negative	Should have gone straight to video .
Negative	It looks like an action movie , but it 's so poorly made , on all levels , that it does n't even qualify as a spoof of such .
Negative	It is supremely unfunny and unentertaining to watch middle-age and older men drink to excess , piss on trees , b.s. one another and put on a show in drag .
Negative	Consider the film a celluloid litmus test for the intellectual and emotional pedigree of your date and a giant step backward for a director I admire .
Negative	A boring , pretentious muddle that uses a sensational , real-life th-Century crime as a metaphor for -- well , I 'm not exactly sure what -- and has all the dramatic weight of a raindrop .
Negative	Sheridan had a wonderful account to work from , but , curiously , he waters it down , turning grit and vulnerability into light reading .
Negative	Heavy with flabby rolls of typical Toback machinations .
Negative	It is very difficult to care about the character , and that is the central flaw of the film .
Negative	Snow Dogs finds its humour in a black man getting humiliated by a pack of dogs who are smarter than him
Negative	Whole stretches of the film may be incomprehensible to moviegoers not already clad in basic black .
Negative	Reggio and Glass so rhapsodize cynicism , with repetition and languorous slo-mo sequences , that Glass 's dirgelike score becomes a fang-baring lullaby .
Negative	Ends up offering nothing more than the latest Schwarzenegger or Stallone flick would .
Negative	If The Tuxedo actually were a suit , it would fit Chan like a $ bargain-basement special .
Negative	Parents beware ; this is downright movie penance .
Negative	... a complete shambles of a movie so sloppy , so uneven , so damn unpleasant that I ca n't believe any viewer , young or old , would have a good time here .
Negative	Has nothing good to speak about other than the fact that it is relatively short , tries its best to hide the fact that Seagal 's overweight and out of shape .
Negative	A pathetically inane and unimaginative cross between XXX and Vertical Limit .
Negative	Feels at times like a giant commercial for Universal Studios , where much of the action takes place .
Negative	Britney Spears ' phoniness is nothing compared to the movie 's contrived , lame screenplay and listless direction .
Negative	Every sequel you skip will be two hours gained .
Negative	But it has an ambition to say something about its subjects , but not a willingness .
Negative	Twenty-three movies into a mostly magnificent directorial career , Clint Eastwood 's efficiently minimalist style finally has failed him .
Negative	It should have stayed there .
Negative	But the feelings evoked in the film are lukewarm and quick to pass .
Negative	The most opaque , self-indulgent and just plain goofy an excuse for a movie as you can imagine .
Negative	Big Fat Liar is little more than Home Alone raised to a new , self-deprecating level .
Negative	Loses its sense of humor in a vat of failed jokes , twitchy acting , and general boorishness .
Negative	There 's a delightfully quirky movie to be made from curling , but Brooms is n't it .
Negative	The story suffers a severe case of oversimplification , superficiality and silliness .
